{
  "best_model": "xgboost",
  "accuracy": 0.9969018756546422,
  "f1_macro": 0.8437117275479612,
  "f1_weighted": 0.9973604354438638,
  "precision_macro": 0.8024075180205756,
  "recall_macro": 0.9543062888211062
}